<?xml version="1.0" encoding="ISO-8859-1"?>
<adempiereAD Name="js_sales_summary_by_customer" Version="1.0" CompVer="Release 3.3.0" DataBase="1.0" Description="Sales Summary by Customer" creator="pasuwatw@gmail.com" creatorcontact="pasuwatw@gmail.com" createddate="2017-04-06 14:11:47" updateddate="2017-04-06 14:11:47" PackOutVer="005">
    <process AD_Process_ID="80028" Name="Sales Summary by Customer" ADWorkflowNameID="" ADProcessNameID="Sales Summary by Customer" ADPrintFormatNameID="" ADReportViewNameID="" AccessLevel="3" Classname="" Description="" EntityType="U" Help="" isBetaFunctionality="false" isDirectPrint="false" isReport="true" isActive="true" ProcedureName="" StatisticCount="0" StatisticSeconds="0" Value="js_sales_summary_by_customer" WorkflowValue="" ShowHelp="Y" JasperReport="attachment:sales_summary_by_customer.jasper">
        <reference AD_Reference_ID="19" name="Table Direct" Description="Direct Table Access" EntityType="D" Help="" Name="Table Direct" isActive="true" VFormat="" ValidationType="D"/>
        <dynvalrule AD_Val_Rule_ID="129" Name="AD_Client Trx Security validation" Code="AD_Client.AD_Client_ID &lt;&gt; 0" Description="" EntityType="D" Type="S" isActive="true"/>
        <processpara AD_Process_Para_ID="80163" Name="Client" ADProcessValueID="js_sales_summary_by_customer" ADProcessParaNameID="Client" ADElementNameID="AD_Client_ID" ADReferenceNameID="Table Direct" ADReferenceValueNameID="" ADValRuleNameID="AD_Client Trx Security validation" ColumnName="AD_Client_ID" DefaultValue="@#AD_Client_ID@" DefaultValue2="" Description="" EntityType="U" Help="" isActive="true" VFormat="" ValueMax="" ValueMin="" SeqNo="10" FieldLength="10" isCentrallyMaintained="true" isMandatory="true" isRange="false"/>
        <dynvalrule AD_Val_Rule_ID="130" Name="AD_Org Trx Security validation" Code="AD_Org.AD_Org_ID &lt;&gt; 0  AND AD_Org.IsSummary='N'" Description="Not Summary - Not 0" EntityType="D" Type="S" isActive="true"/>
        <processpara AD_Process_Para_ID="80165" Name="Organization" ADProcessValueID="js_sales_summary_by_customer" ADProcessParaNameID="Organization" ADElementNameID="AD_Org_ID" ADReferenceNameID="Table Direct" ADReferenceValueNameID="" ADValRuleNameID="AD_Org Trx Security validation" ColumnName="AD_Org_ID" DefaultValue="@#AD_Org_ID@" DefaultValue2="" Description="" EntityType="U" Help="" isActive="true" VFormat="" ValueMax="" ValueMin="" SeqNo="20" FieldLength="10" isCentrallyMaintained="true" isMandatory="true" isRange="false"/>
        <reference AD_Reference_ID="30" name="Search" Description="Search Field" EntityType="D" Help="" Name="Search" isActive="true" VFormat="" ValidationType="D"/>
        <dynvalrule AD_Val_Rule_ID="230" Name="C_BPartner (Trx)" Code="C_BPartner.IsActive='Y' AND C_BPartner.IsSummary='N'" Description="" EntityType="D" Type="S" isActive="true"/>
        <processpara AD_Process_Para_ID="80166" Name="Customer" ADProcessValueID="js_sales_summary_by_customer" ADProcessParaNameID="Customer" ADElementNameID="C_BPartner_ID" ADReferenceNameID="Search" ADReferenceValueNameID="" ADValRuleNameID="C_BPartner (Trx)" ColumnName="C_BPartner_ID" DefaultValue="" DefaultValue2="" Description="" EntityType="U" Help="" isActive="true" VFormat="" ValueMax="" ValueMin="" SeqNo="30" FieldLength="10" isCentrallyMaintained="false" isMandatory="false" isRange="false"/>
        <reference AD_Reference_ID="15" name="Date" Description="Date mm/dd/yyyy" EntityType="D" Help="" Name="Date" isActive="true" VFormat="" ValidationType="D"/>
        <processpara AD_Process_Para_ID="80167" Name="Order Date" ADProcessValueID="js_sales_summary_by_customer" ADProcessParaNameID="Order Date" ADElementNameID="DateOrdered" ADReferenceNameID="Date" ADReferenceValueNameID="" ADValRuleNameID="" ColumnName="DateOrdered" DefaultValue="" DefaultValue2="" Description="" EntityType="U" Help="" isActive="true" VFormat="" ValueMax="" ValueMin="" SeqNo="40" FieldLength="10" isCentrallyMaintained="false" isMandatory="true" isRange="true"/>
    </process>
</adempiereAD>
